,score,learner,type
0,0.9733333333333334,Random Forest,cna
1,0.7866666666666666,SVC,cna
2,0.9866666666666667,GBC,cna
3,0.9866666666666667,Naive Bayes,cna
4,0.9333333333333333,KNN,cna
5,0.76,MLP,cna
