,score,learner
0,1.0,Random Forest
1,0.6666666666666666,SVC
2,1.0,GBC
3,0.9733333333333334,Naive Bayes
4,0.9333333333333333,KNN
5,0.6666666666666666,MLP
