,score,learner
0,0.9866666666666667,Random Forest
1,0.6666666666666666,SVC
2,0.8666666666666667,GBC
3,0.96,Naive Bayes
4,0.92,KNN
5,0.6666666666666666,MLP
