,score,learner
0,0.9733333333333334,Random Forest
1,0.6666666666666666,SVC
2,0.92,GBC
3,1.0,Naive Bayes
4,0.88,KNN
5,0.6666666666666666,MLP
