,score,learner
0,1.0,Random Forest
1,0.6666666666666666,SVC
2,0.84,GBC
3,0.9733333333333334,Naive Bayes
4,1.0,KNN
5,0.6666666666666666,MLP
