,score,learner
0,0.96,Random Forest
1,0.6666666666666666,SVC
2,0.88,GBC
3,0.9733333333333334,Naive Bayes
4,0.92,KNN
5,0.64,MLP
