,score,learner
0,1.0,Random Forest
1,0.6666666666666666,SVC
2,0.96,GBC
3,1.0,Naive Bayes
4,0.92,KNN
5,0.6666666666666666,MLP
