,score,learner
0,0.7368421052631579,Random Forest
1,0.7368421052631579,SVC
2,0.7263157894736842,GBC
3,0.6421052631578947,Naive Bayes
4,0.8,KNN
5,0.7368421052631579,MLP
