,score,learner
0,0.6105263157894737,Random Forest
1,0.7368421052631579,SVC
2,0.6105263157894737,GBC
3,0.5789473684210527,Naive Bayes
4,0.6105263157894737,KNN
5,0.7368421052631579,MLP
