,score,learner
0,0.7473684210526316,Random Forest
1,0.7368421052631579,SVC
2,0.7473684210526316,GBC
3,0.6631578947368421,Naive Bayes
4,0.7368421052631579,KNN
5,0.7368421052631579,MLP
