,score,learner
0,0.6842105263157895,Random Forest
1,0.7368421052631579,SVC
2,0.6947368421052632,GBC
3,0.5789473684210527,Naive Bayes
4,0.7473684210526316,KNN
5,0.7368421052631579,MLP
