,score,learner
0,0.7368421052631579,Random Forest
1,0.7368421052631579,SVC
2,0.7368421052631579,GBC
3,0.6,Naive Bayes
4,0.6947368421052632,KNN
5,0.7368421052631579,MLP
