,score,learner
0,0.6842105263157895,Random Forest
1,0.7368421052631579,SVC
2,0.7157894736842105,GBC
3,0.6421052631578947,Naive Bayes
4,0.7157894736842105,KNN
5,0.7368421052631579,MLP
