,score,learner
0,0.7157894736842105,Random Forest
1,0.7368421052631579,SVC
2,0.7052631578947368,GBC
3,0.5578947368421052,Naive Bayes
4,0.7157894736842105,KNN
5,0.7368421052631579,MLP
