,score,learner
0,0.6947368421052632,Random Forest
1,0.7368421052631579,SVC
2,0.6736842105263158,GBC
3,0.6,Naive Bayes
4,0.7157894736842105,KNN
5,0.7368421052631579,MLP
