,score,learner
0,0.7263157894736842,Random Forest
1,0.7368421052631579,SVC
2,0.6947368421052632,GBC
3,0.631578947368421,Naive Bayes
4,0.6526315789473685,KNN
5,0.7368421052631579,MLP
