,score,learner
0,1.0,Random Forest
1,0.8533333333333334,SVC
2,0.96,GBC
3,1.0,Naive Bayes
4,0.8933333333333333,KNN
5,0.96,MLP
