,score,learner
0,0.9866666666666667,Random Forest
1,0.84,SVC
2,0.96,GBC
3,1.0,Naive Bayes
4,0.8933333333333333,KNN
5,0.9333333333333333,MLP
