,score,learner
0,1.0,Random Forest
1,0.88,SVC
2,0.9466666666666667,GBC
3,1.0,Naive Bayes
4,0.9466666666666667,KNN
5,0.92,MLP
