,score,learner
0,0.96,Random Forest
1,0.88,SVC
2,0.96,GBC
3,1.0,Naive Bayes
4,0.9333333333333333,KNN
5,0.9733333333333334,MLP
