,score,learner
0,0.9866666666666667,Random Forest
1,0.9066666666666666,SVC
2,0.96,GBC
3,1.0,Naive Bayes
4,0.9466666666666667,KNN
5,0.96,MLP
