,score,learner
0,0.9733333333333334,Random Forest
1,0.8133333333333334,SVC
2,0.9866666666666667,GBC
3,1.0,Naive Bayes
4,0.84,KNN
5,0.92,MLP
