,score,learner
0,0.9866666666666667,Random Forest
1,0.88,SVC
2,0.9333333333333333,GBC
3,1.0,Naive Bayes
4,0.92,KNN
5,0.9466666666666667,MLP
