,score,learner
0,0.9866666666666667,Random Forest
1,0.84,SVC
2,0.9733333333333334,GBC
3,1.0,Naive Bayes
4,0.88,KNN
5,0.92,MLP
