,score,learner
0,0.96,Random Forest
1,0.84,SVC
2,0.9466666666666667,GBC
3,1.0,Naive Bayes
4,0.9066666666666666,KNN
5,0.92,MLP
