,score,learner
0,0.9866666666666667,Random Forest
1,0.88,SVC
2,1.0,GBC
3,1.0,Naive Bayes
4,0.9733333333333334,KNN
5,0.9866666666666667,MLP
