,score,learner
0,0.9733333333333334,Random Forest
1,0.8666666666666667,SVC
2,0.9733333333333334,GBC
3,1.0,Naive Bayes
4,0.92,KNN
5,0.96,MLP
