,score,learner
0,0.9866666666666667,Random Forest
1,0.8533333333333334,SVC
2,1.0,GBC
3,1.0,Naive Bayes
4,0.96,KNN
5,1.0,MLP
