,score,learner
0,1.0,Random Forest
1,0.6951219512195121,SVC
2,0.9634146341463414,GBC
3,1.0,Naive Bayes
4,1.0,KNN
5,0.6951219512195121,MLP
