,score,learner
0,0.9634146341463414,Random Forest
1,0.6951219512195121,SVC
2,0.975609756097561,GBC
3,0.9634146341463414,Naive Bayes
4,0.975609756097561,KNN
5,0.6951219512195121,MLP
