,score,learner
0,1.0,Random Forest
1,0.6951219512195121,SVC
2,0.9634146341463414,GBC
3,0.9390243902439024,Naive Bayes
4,0.975609756097561,KNN
5,0.6951219512195121,MLP
