,score,learner
0,0.9878048780487805,Random Forest
1,0.6951219512195121,SVC
2,0.9878048780487805,GBC
3,0.9634146341463414,Naive Bayes
4,1.0,KNN
5,0.6951219512195121,MLP
