,score,learner
0,0.975609756097561,Random Forest
1,0.6951219512195121,SVC
2,1.0,GBC
3,1.0,Naive Bayes
4,0.975609756097561,KNN
5,0.6951219512195121,MLP
