,score,learner
0,0.926829268292683,Random Forest
1,0.6951219512195121,SVC
2,0.926829268292683,GBC
3,0.975609756097561,Naive Bayes
4,0.9390243902439024,KNN
5,0.7195121951219512,MLP
