,score,learner
0,1.0,Random Forest
1,0.6951219512195121,SVC
2,1.0,GBC
3,0.9512195121951219,Naive Bayes
4,0.9634146341463414,KNN
5,0.6951219512195121,MLP
